feature,importance_mean,importance_std
TDP,1.9035284183427315,0.015411595346977846
V_air,0.11254641476212754,0.001579428664217536
k_tim,0.009048451039380184,0.00014418589125333734
