feature,importance_mean,importance_std
V_air,1.8400462950234586,0.020365764009536363
k_tim,0.15355858871346056,0.001561092142782731
TDP,0.0,0.0
